{
  "type": 3,
  "content": {
    "version": "KqlItem/1.0",
    "query": "let GeoIPDB = _GetWatchlist(\"geo_ipv4\");\nlet GeoIPDB_cities = _GetWatchlist(\"geo_ipv4_cities\");\nlet GeoIPDB_FULL = GeoIPDB | join kind = leftouter GeoIPDB_cities on geoname_id;\nlet IpAddress_REGEX_PATTERN = @\"\\b\\d{1,3}\\.\\d{1,3}\\.\\d{1,3}\\.\\d{1,3}\\b\";\nSyslog\n| where Facility == \"auth\"\n| where SyslogMessage startswith \"Failed password for\"\n| order by TimeGenerated desc\n| project TimeGenerated, SourceIP = extract(IpAddress_REGEX_PATTERN, 0, SyslogMessage), DestinationHostName = HostName, DestinationIP = HostIP, Facility, SyslogMessage, ProcessName, SeverityLevel, Type\n| evaluate ipv4_lookup(GeoIPDB_FULL, SourceIP, network)\n| project TimeGenerated, SourceIP, DestinationHostName, DestinationIP, Facility, SyslogMessage, ProcessName, SeverityLevel, Type, latitude, longitude, subdivision = subdivision_1_name, city = city_name, country = country_name, friendly_location = strcat(city_name, \" (\", country_name, \")\");",
    "size": 3,
    "timeContext": {
      "durationMs": 2592000000
    },
    "queryType": 0,
    "resourceType": "microsoft.operationalinsights/workspaces",
    "visualization": "map",
    "mapSettings": {
      "locInfo": "LatLong",
      "locInfoColumn": "country_name",
      "latitude": "latitude",
      "longitude": "longitude",
      "sizeSettings": "latitude",
      "sizeAggregation": "Count",
      "opacity": 0.8,
      "labelSettings": "friendly_location",
      "legendMetric": "friendly_location",
      "legendAggregation": "Count",
      "itemColorSettings": {
        "nodeColorField": "latitude",
        "colorAggregation": "Count",
        "type": "heatmap",
        "heatmapPalette": "greenRed"
      }
    }
  },
  "name": "query - 0"
}
